field,algorithm,samples,median_ms,vertices,triangles,non_manifold_edges,self_intersections_per_1k,hausdorff
sphere,marching_cubes,33,0.342652,1158,2312,0,0,5.361365993103549e-3
sphere,marching_cubes+decider,33,0.349682,1158,2312,0,0,5.361365993103549e-3
sphere,marching_tetrahedra,33,0.643536,3518,7032,0,0,5.510929605754827e-3
sphere,surface_nets,33,1.242450,1160,2316,0,0,8.557958950670396e-3
sphere,dual_contouring,33,2.323278,1160,2316,0,0,4.520998737296712e-3
sphere,manifold_dual_contouring,33,2.531801,1160,2316,0,0,4.520998737296712e-3
sphere,subgrid_marching_tetrahedra,33,76.774306,3500,6996,0,0,4.349931262491296e-3
sphere,marching_cubes,65,2.452060,4758,9512,0,,1.3292677821412514e-3
sphere,marching_cubes+decider,65,2.479350,4758,9512,0,,1.3292677821412514e-3
sphere,marching_tetrahedra,65,4.266973,14282,28560,0,,1.4127777924831685e-3
sphere,surface_nets,65,9.977038,4760,9516,0,,2.251034304034862e-3
sphere,dual_contouring,65,13.965470,4760,9516,0,,1.09311271728112e-3
sphere,manifold_dual_contouring,65,15.009988,4760,9516,0,,1.09311271728112e-3
sphere,subgrid_marching_tetrahedra,65,575.443896,14264,28524,0,,1.0832597202187647e-3
torus,marching_cubes,33,0.430393,1128,2256,0,0,1.3788261708045094e-2
torus,marching_cubes+decider,33,0.434733,1128,2256,0,0,1.3788261708045094e-2
torus,marching_tetrahedra,33,0.807757,3424,6848,0,0,1.9014097986168575e-2
torus,surface_nets,33,1.368181,1128,2256,0,0,2.1352427647167303e-2
torus,dual_contouring,33,2.465899,1128,2256,0,0,1.1084884692542303e-2
torus,manifold_dual_contouring,33,2.643841,1128,2256,0,0,1.1084884692542303e-2
torus,subgrid_marching_tetrahedra,33,119.251023,3464,6928,0,0,1.1159477768581175e-2
torus,marching_cubes,65,3.057834,4208,8416,0,,3.976397704360292e-3
torus,marching_cubes+decider,65,3.056755,4208,8416,0,,3.976397704360292e-3
torus,marching_tetrahedra,65,5.480733,13160,26320,0,,4.691673118955441e-3
torus,surface_nets,65,10.778575,4208,8416,0,,5.420016719208807e-3
torus,dual_contouring,65,14.362293,4208,8416,0,,2.4780812918868997e-3
torus,manifold_dual_contouring,65,15.126719,4208,8416,0,,2.4780812918868997e-3
torus,subgrid_marching_tetrahedra,65,892.350630,13176,26352,0,,3.411750116974352e-3
box_exact,marching_cubes,33,0.355322,1350,2696,0,0,1.4433756729740646e-1
box_exact,marching_cubes+decider,33,0.360983,1350,2696,0,0,1.4433756729740646e-1
box_exact,marching_tetrahedra,33,0.860597,5222,10440,0,0,1.0206207261596575e-1
box_exact,surface_nets,33,1.282670,1352,2700,0,0,1.443375672974067e-1
box_exact,dual_contouring,33,1.936036,1352,2700,0,0,1.4290848247268618e-3
box_exact,manifold_dual_contouring,33,2.104027,1352,2700,0,0,1.4290848247268618e-3
box_exact,subgrid_marching_tetrahedra,33,134.536323,1442,2880,0,0,1.0206207261596575e-1
box_exact,marching_cubes,65,2.635851,5766,11528,0,,7.216878364870323e-2
box_exact,marching_cubes+decider,65,2.616050,5766,11528,0,,7.216878364870323e-2
box_exact,marching_tetrahedra,65,5.747655,22694,45384,0,,5.103103630798288e-2
box_exact,surface_nets,65,10.286571,5768,11532,0,,7.216878364870336e-2
box_exact,dual_contouring,65,12.996823,5768,11532,0,,7.145424123633348e-4
box_exact,manifold_dual_contouring,65,13.767399,5768,11532,0,,7.145424123633348e-4
box_exact,subgrid_marching_tetrahedra,65,1000.879047,5954,11904,0,,5.103103630798288e-2
csg_difference,marching_cubes,33,0.425974,1386,2768,0,0,1.5144547775224135e-1
csg_difference,marching_cubes+decider,33,0.433594,1386,2768,0,0,1.5144547775224135e-1
csg_difference,marching_tetrahedra,33,0.917107,5288,10572,0,0,1.0206207261596575e-1
csg_difference,surface_nets,33,1.365111,1388,2772,0,0,1.5255161367266593e-1
csg_difference,dual_contouring,33,2.170587,1388,2772,0,0,2.365409144062276e-2
csg_difference,manifold_dual_contouring,33,2.354848,1388,2772,0,0,2.365409144062276e-2
csg_difference,subgrid_marching_tetrahedra,33,173.935074,2087,4170,0,0,1.0206207261596575e-1
csg_difference,marching_cubes,65,3.149025,6012,12020,0,,7.654655446197431e-2
csg_difference,marching_cubes+decider,65,3.127575,6012,12020,0,,7.654655446197431e-2
csg_difference,marching_tetrahedra,65,6.140088,23054,46104,0,,5.103103630798288e-2
csg_difference,surface_nets,65,10.877076,6014,12024,0,,8.076577886059148e-2
csg_difference,dual_contouring,65,14.225543,6014,12024,0,,2.056749027443212e-2
csg_difference,manifold_dual_contouring,65,15.165080,6014,12024,0,,2.056749027443212e-2
csg_difference,subgrid_marching_tetrahedra,65,1299.921120,8591,17178,3,,5.103103630798288e-2
thin_plate,marching_cubes,33,0.328112,510,1016,0,0,8.926785535678562e-2
thin_plate,marching_cubes+decider,33,0.327862,510,1016,0,0,8.926785535678562e-2
thin_plate,marching_tetrahedra,33,0.647705,1918,3832,0,0,8.926785535678562e-2
thin_plate,surface_nets,33,1.240670,512,1020,0,0,1.1814539065631542e-1
thin_plate,dual_contouring,33,1.484372,512,1020,0,0,1.1697563431318871e-3
thin_plate,manifold_dual_contouring,33,1.565522,512,1020,0,0,1.1697563431318871e-3
thin_plate,subgrid_marching_tetrahedra,33,121.876683,1984,3964,0,0,8.856170078891759e-2
thin_plate,marching_cubes,65,2.482559,2046,4088,0,,4.592793267718459e-2
thin_plate,marching_cubes+decider,65,2.453019,2046,4088,0,,4.592793267718459e-2
thin_plate,marching_tetrahedra,65,4.686717,7934,15864,0,,4.592793267718459e-2
thin_plate,surface_nets,65,10.059909,2048,4092,0,,5.951190357119052e-2
thin_plate,dual_contouring,65,11.010637,2048,4092,0,,5.892267680315371e-4
thin_plate,manifold_dual_contouring,65,11.497691,2048,4092,0,,5.892267680315371e-4
thin_plate,subgrid_marching_tetrahedra,65,946.088535,8064,16124,0,,4.443457908185716e-2
gyroid,marching_cubes,33,2.207097,5292,10632,0,0,
gyroid,marching_cubes+decider,33,2.218348,5292,10632,0,0,
gyroid,marching_tetrahedra,33,3.757420,15196,30492,0,0,
gyroid,surface_nets,33,3.152335,5240,10584,15,0,
gyroid,dual_contouring,33,10.114580,5240,10584,15,3.1179138321995463,
gyroid,manifold_dual_contouring,33,10.875956,5268,10584,0,5.668934240362812,
gyroid,subgrid_marching_tetrahedra,33,1006.679274,16158,32364,0,0,
gyroid,marching_cubes,65,13.832089,21534,43116,0,,
gyroid,marching_cubes+decider,65,13.884630,21537,43122,0,,
gyroid,marching_tetrahedra,65,20.828055,62802,125676,0,,
gyroid,surface_nets,65,21.726711,21432,43068,69,,
gyroid,dual_contouring,65,48.376333,21432,43068,69,,
gyroid,manifold_dual_contouring,65,50.630370,21510,43068,0,,
gyroid,subgrid_marching_tetrahedra,65,7088.168527,64104,128256,0,,
fbm_terrain,marching_cubes,33,7.338368,2069,3946,0,0,
fbm_terrain,marching_cubes+decider,33,7.356938,2069,3946,0,0,
fbm_terrain,marching_tetrahedra,33,7.914993,5935,11544,0,0,
fbm_terrain,surface_nets,33,8.233356,1958,3758,15,0,
fbm_terrain,dual_contouring,33,11.813773,1958,3758,15,13.837147418839809,
fbm_terrain,manifold_dual_contouring,33,12.164766,1973,3758,0,15.433741351782864,
fbm_terrain,subgrid_marching_tetrahedra,33,3804.713816,6537,12736,8,0,
fbm_terrain,marching_cubes,65,54.378930,8638,16884,0,,
fbm_terrain,marching_cubes+decider,65,54.565281,8638,16884,0,,
fbm_terrain,marching_tetrahedra,65,55.617710,24827,48994,0,,
fbm_terrain,surface_nets,65,62.095051,8413,16496,29,,
fbm_terrain,dual_contouring,65,77.326441,8413,16496,29,,
fbm_terrain,manifold_dual_contouring,65,78.060146,8442,16496,0,,
fbm_terrain,subgrid_marching_tetrahedra,65,29177.750437,25756,50840,12,,
noise_cavity,marching_cubes,33,2.642083,6522,13236,0,0,
noise_cavity,marching_cubes+decider,33,2.751634,6536,13052,0,0,
noise_cavity,marching_tetrahedra,33,4.483870,17862,35832,0,0,
noise_cavity,surface_nets,33,3.689223,6176,13044,297,0,
noise_cavity,dual_contouring,33,12.898884,6176,13044,297,29.745476847592762,
noise_cavity,manifold_dual_contouring,33,13.881254,6426,13044,64,45.23152407237044,
noise_cavity,subgrid_marching_tetrahedra,33,1388.923475,22247,45082,258,0,
noise_cavity,marching_cubes,65,17.578007,28882,58112,0,,
noise_cavity,marching_cubes+decider,65,17.815689,28890,58104,0,,
noise_cavity,marching_tetrahedra,65,27.064860,83208,166848,0,,
noise_cavity,surface_nets,65,25.920801,28375,57764,322,,
noise_cavity,dual_contouring,65,64.981238,28375,57764,322,,
noise_cavity,manifold_dual_contouring,65,69.939112,28708,57764,26,,
noise_cavity,subgrid_marching_tetrahedra,65,9507.665834,89397,179326,165,,
