field,operator,level,samples,triangles,worst
sphere,decimate,0,65,9512,0.00045788
sphere,resample,0,65,9512,0.00045788
sphere,decimate,1,33,2312,0.00170113
sphere,resample,1,33,2312,0.00170113
sphere,decimate,2,17,536,0.00585378
sphere,resample,2,17,536,0.00585378
sphere,decimate,3,9,104,0.01429623
sphere,resample,3,9,104,0.01429623
torus,decimate,0,65,8416,0.00145659
torus,resample,0,65,8416,0.00145659
torus,decimate,1,33,2256,0.00629380
torus,resample,1,33,2256,0.00629380
torus,decimate,2,17,656,0.02238324
torus,resample,2,17,656,0.02238324
torus,decimate,3,9,128,0.04154877
torus,resample,3,9,128,0.04154877
box_exact,decimate,0,65,11528,0.00000000
box_exact,resample,0,65,11528,0.00000000
box_exact,decimate,1,33,2696,0.00000000
box_exact,resample,1,33,2696,0.00000000
box_exact,decimate,2,17,584,0.00000000
box_exact,resample,2,17,584,0.00000000
box_exact,decimate,3,9,104,0.00000000
box_exact,resample,3,9,104,0.00000000
csg_difference,decimate,0,65,12020,0.00062969
csg_difference,resample,0,65,12020,0.00062969
csg_difference,decimate,1,33,2768,0.00242259
csg_difference,resample,1,33,2768,0.00242259
csg_difference,decimate,2,17,584,0.00882463
csg_difference,resample,2,17,584,0.00882463
csg_difference,decimate,3,9,104,0.03244722
csg_difference,resample,3,9,104,0.03244722
thin_plate,decimate,0,65,4088,0.00000000
thin_plate,resample,0,65,4088,0.00000000
thin_plate,decimate,1,33,1016,0.00000000
thin_plate,resample,1,33,1016,0.00000000
thin_plate,decimate,2,17,248,0.00000000
thin_plate,resample,2,17,248,0.00000000
thin_plate,decimate,3,9,56,0.00000000
thin_plate,resample,3,9,56,0.00000000
gyroid,decimate,0,65,43116,0.11371631
gyroid,resample,0,65,43116,0.11371631
gyroid,decimate,1,33,10632,0.14658302
gyroid,resample,1,33,10632,0.14658302
gyroid,decimate,2,17,2536,0.25779895
gyroid,resample,2,17,2536,0.25779895
gyroid,decimate,3,9,556,0.72661061
gyroid,resample,3,9,556,0.72661061
fbm_terrain,decimate,0,65,16884,0.07275794
fbm_terrain,resample,0,65,16884,0.07275794
fbm_terrain,decimate,1,33,3946,0.22772459
fbm_terrain,resample,1,33,3946,0.22772459
fbm_terrain,decimate,2,17,956,0.33109235
fbm_terrain,resample,2,17,956,0.33109235
fbm_terrain,decimate,3,9,238,0.93486371
fbm_terrain,resample,3,9,238,0.93486371
noise_cavity,decimate,0,65,58112,0.10940806
noise_cavity,resample,0,65,58112,0.10940806
noise_cavity,decimate,1,33,13236,0.19434514
noise_cavity,resample,1,33,13236,0.19434514
noise_cavity,decimate,2,17,2560,0.44100303
noise_cavity,resample,2,17,2560,0.44100303
noise_cavity,decimate,3,9,372,0.50222328
noise_cavity,resample,3,9,372,0.50222328
ball_drilled_g1,decimate,0,65,26448,0.01265901
ball_drilled_g1,resample,0,65,26448,0.01265901
ball_drilled_g1,decimate,1,33,6720,0.00721071
ball_drilled_g1,resample,1,33,6720,0.00721071
ball_drilled_g1,decimate,2,17,1712,0.01972018
ball_drilled_g1,resample,2,17,1712,0.01972018
ball_drilled_g1,decimate,3,9,368,0.02754880
ball_drilled_g1,resample,3,9,368,0.02754880
graph_theta_g2,decimate,0,65,10408,0.01441777
graph_theta_g2,resample,0,65,10408,0.01441777
graph_theta_g2,decimate,1,33,2640,0.00668153
graph_theta_g2,resample,1,33,2640,0.00668153
graph_theta_g2,decimate,2,17,688,0.06860930
graph_theta_g2,resample,2,17,688,0.06860930
graph_theta_g2,decimate,3,9,120,0.05554387
graph_theta_g2,resample,3,9,120,0.05554387
ball_drilled_g2,decimate,0,65,28280,0.00854095
ball_drilled_g2,resample,0,65,28280,0.00854095
ball_drilled_g2,decimate,1,33,7208,0.02013324
ball_drilled_g2,resample,1,33,7208,0.02013324
ball_drilled_g2,decimate,2,17,1864,0.04447409
ball_drilled_g2,resample,2,17,1864,0.04447409
ball_drilled_g2,decimate,3,9,408,0.15750000
ball_drilled_g2,resample,3,9,408,0.15750000
ball_drilled_g3,decimate,0,65,30952,0.01324889
ball_drilled_g3,resample,0,65,30952,0.01324889
ball_drilled_g3,decimate,1,33,7928,0.03147861
ball_drilled_g3,resample,1,33,7928,0.03147861
ball_drilled_g3,decimate,2,17,1936,0.04447409
ball_drilled_g3,resample,2,17,1936,0.04447409
ball_drilled_g3,decimate,3,9,456,0.16646266
ball_drilled_g3,resample,3,9,456,0.16646266
graph_k4_g3,decimate,0,65,12944,0.00120965
graph_k4_g3,resample,0,65,12944,0.00120965
graph_k4_g3,decimate,1,33,3296,0.00555095
graph_k4_g3,resample,1,33,3296,0.00555095
graph_k4_g3,decimate,2,17,752,0.01620286
graph_k4_g3,resample,2,17,752,0.01620286
graph_k4_g3,decimate,3,9,80,0.03491914
graph_k4_g3,resample,3,9,80,0.03491914
graph_cube_g5,decimate,0,65,17152,0.00144326
graph_cube_g5,resample,0,65,17152,0.00144326
graph_cube_g5,decimate,1,33,4672,0.00281337
graph_cube_g5,resample,1,33,4672,0.00281337
graph_cube_g5,decimate,2,17,1408,0.01972018
graph_cube_g5,resample,2,17,1408,0.01972018
graph_cube_g5,decimate,3,9,0,0.00000000
graph_cube_g5,resample,3,9,0,0.00000000
sphere,mean,0,65,9512,0.00045788
sphere,mean,1,33,2312,0.00447544
sphere,mean,2,17,536,0.01995713
sphere,mean,3,9,104,0.07195845
torus,mean,0,65,8416,0.00145659
torus,mean,1,33,2256,0.01075180
torus,mean,2,17,608,0.04593713
torus,mean,3,9,0,0.00000000
box_exact,mean,0,65,11528,0.00000000
box_exact,mean,1,33,2696,0.00000000
box_exact,mean,2,17,584,0.00892857
box_exact,mean,3,9,104,0.02290146
csg_difference,mean,0,65,12020,0.00062969
csg_difference,mean,1,33,2768,0.03300087
csg_difference,mean,2,17,584,0.03239788
csg_difference,mean,3,9,104,0.13355572
thin_plate,mean,0,65,4088,0.00000000
thin_plate,mean,1,33,0,0.00000000
thin_plate,mean,2,17,0,0.00000000
thin_plate,mean,3,9,0,0.00000000
gyroid,mean,0,65,43116,0.11371631
gyroid,mean,1,33,10152,0.25100225
gyroid,mean,2,17,2248,0.46606420
gyroid,mean,3,9,400,0.89895281
fbm_terrain,mean,0,65,16884,0.07275794
fbm_terrain,mean,1,33,3612,0.33894233
fbm_terrain,mean,2,17,762,0.52163786
fbm_terrain,mean,3,9,198,0.83055047
noise_cavity,mean,0,65,58112,0.10940806
noise_cavity,mean,1,33,9968,0.27873922
noise_cavity,mean,2,17,1284,0.49547032
noise_cavity,mean,3,9,248,0.31302998
ball_drilled_g1,mean,0,65,26448,0.01265901
ball_drilled_g1,mean,1,33,6624,0.01181896
ball_drilled_g1,mean,2,17,1648,0.07355339
ball_drilled_g1,mean,3,9,328,0.28000000
graph_theta_g2,mean,0,65,10408,0.01441777
graph_theta_g2,mean,1,33,2520,0.03624366
graph_theta_g2,mean,2,17,608,0.08318851
graph_theta_g2,mean,3,9,0,0.00000000
ball_drilled_g2,mean,0,65,28280,0.00854095
ball_drilled_g2,mean,1,33,7272,0.03154430
ball_drilled_g2,mean,2,17,1832,0.08596289
ball_drilled_g2,mean,3,9,312,0.23172366
ball_drilled_g3,mean,0,65,30952,0.01324889
ball_drilled_g3,mean,1,33,7944,0.04893003
ball_drilled_g3,mean,2,17,1888,0.08596289
ball_drilled_g3,mean,3,9,312,0.23808045
graph_k4_g3,mean,0,65,12944,0.00120965
graph_k4_g3,mean,1,33,3104,0.02743358
graph_k4_g3,mean,2,17,656,0.06591310
graph_k4_g3,mean,3,9,32,0.24204610
graph_cube_g5,mean,0,65,17152,0.00144326
graph_cube_g5,mean,1,33,4864,0.01846131
graph_cube_g5,mean,2,17,1408,0.03526306
graph_cube_g5,mean,3,9,0,0.00000000
sphere,tent,0,65,9512,0.00045788
sphere,tent,1,33,2312,0.00379022
sphere,tent,2,17,536,0.01649770
sphere,tent,3,9,104,0.05573114
torus,tent,0,65,8416,0.00145659
torus,tent,1,33,2256,0.00982690
torus,tent,2,17,640,0.04120005
torus,tent,3,9,96,0.28456222
box_exact,tent,0,65,11528,0.00000000
box_exact,tent,1,33,2696,0.00000000
box_exact,tent,2,17,584,0.00405698
box_exact,tent,3,9,104,0.01071202
csg_difference,tent,0,65,12020,0.00062969
csg_difference,tent,1,33,2768,0.02254006
csg_difference,tent,2,17,584,0.02290748
csg_difference,tent,3,9,104,0.13162840
thin_plate,tent,0,65,4088,0.00000000
thin_plate,tent,1,33,0,0.00000000
thin_plate,tent,2,17,0,0.00000000
thin_plate,tent,3,9,0,0.00000000
gyroid,tent,0,65,43116,0.11371631
gyroid,tent,1,33,10296,0.21532309
gyroid,tent,2,17,2260,0.37279860
gyroid,tent,3,9,460,0.92681032
fbm_terrain,tent,0,65,16884,0.07275794
fbm_terrain,tent,1,33,3658,0.31115381
fbm_terrain,tent,2,17,812,0.48602545
fbm_terrain,tent,3,9,214,0.81011022
noise_cavity,tent,0,65,58112,0.10940806
noise_cavity,tent,1,33,10664,0.26390533
noise_cavity,tent,2,17,1364,0.47362100
noise_cavity,tent,3,9,264,0.31171649
ball_drilled_g1,tent,0,65,26448,0.01265901
ball_drilled_g1,tent,1,33,6688,0.01089769
ball_drilled_g1,tent,2,17,1648,0.07182657
ball_drilled_g1,tent,3,9,368,0.24199599
graph_theta_g2,tent,0,65,10408,0.01441777
graph_theta_g2,tent,1,33,2520,0.02871287
graph_theta_g2,tent,2,17,624,0.06171489
graph_theta_g2,tent,3,9,56,0.25302359
ball_drilled_g2,tent,0,65,28280,0.00854095
ball_drilled_g2,tent,1,33,7272,0.03213351
ball_drilled_g2,tent,2,17,1832,0.07355339
ball_drilled_g2,tent,3,9,328,0.26403517
ball_drilled_g3,tent,0,65,30952,0.01324889
ball_drilled_g3,tent,1,33,7944,0.04192783
ball_drilled_g3,tent,2,17,1888,0.07355339
ball_drilled_g3,tent,3,9,336,0.26785441
graph_k4_g3,tent,0,65,12944,0.00120965
graph_k4_g3,tent,1,33,3104,0.02335836
graph_k4_g3,tent,2,17,656,0.04696183
graph_k4_g3,tent,3,9,32,0.24617746
graph_cube_g5,tent,0,65,17152,0.00144326
graph_cube_g5,tent,1,33,4864,0.01544767
graph_cube_g5,tent,2,17,1408,0.02931213
graph_cube_g5,tent,3,9,0,0.00000000
sphere,min,0,65,9512,0.00045788
sphere,min,1,33,2888,0.10712065
sphere,min,2,17,920,0.32223460
sphere,min,3,9,296,0.75333639
torus,min,0,65,8416,0.00145659
torus,min,1,33,2480,0.10809322
torus,min,2,17,736,0.31254040
torus,min,3,9,368,0.72083804
box_exact,min,0,65,11528,0.00000000
box_exact,min,1,33,3464,0.06250000
box_exact,min,2,17,968,0.18750000
box_exact,min,3,9,296,0.43750000
csg_difference,min,0,65,12020,0.00062969
csg_difference,min,1,33,3608,0.10957040
csg_difference,min,2,17,968,0.31562399
csg_difference,min,3,9,296,0.43750000
thin_plate,min,0,65,4088,0.00000000
thin_plate,min,1,33,1288,0.02083333
thin_plate,min,2,17,392,0.04166667
thin_plate,min,3,9,136,0.08750000
gyroid,min,0,65,43116,0.11371631
gyroid,min,1,33,12060,0.63702462
gyroid,min,2,17,2880,1.49174133
gyroid,min,3,9,494,2.58745316
fbm_terrain,min,0,65,16884,0.07275794
fbm_terrain,min,1,33,3672,1.20755018
fbm_terrain,min,2,17,742,2.49732170
fbm_terrain,min,3,9,136,4.02406370
noise_cavity,min,0,65,58112,0.10940806
noise_cavity,min,1,33,6132,0.61663666
noise_cavity,min,2,17,1736,0.44877345
noise_cavity,min,3,9,536,0.72940409
ball_drilled_g1,min,0,65,26448,0.01265901
ball_drilled_g1,min,1,33,6960,0.10783076
ball_drilled_g1,min,2,17,1984,0.32179790
ball_drilled_g1,min,3,9,584,0.73363919
graph_theta_g2,min,0,65,10408,0.01441777
graph_theta_g2,min,1,33,3096,0.11239327
graph_theta_g2,min,2,17,944,0.31975021
graph_theta_g2,min,3,9,392,0.73796675
ball_drilled_g2,min,0,65,28280,0.00854095
ball_drilled_g2,min,1,33,7304,0.10783076
ball_drilled_g2,min,2,17,2056,0.32179790
ball_drilled_g2,min,3,9,584,0.73363919
ball_drilled_g3,min,0,65,30952,0.01324889
ball_drilled_g3,min,1,33,7808,0.10783076
ball_drilled_g3,min,2,17,1968,0.32179790
ball_drilled_g3,min,3,9,584,0.73363919
graph_k4_g3,min,0,65,12944,0.00120965
graph_k4_g3,min,1,33,3968,0.10709712
graph_k4_g3,min,2,17,1072,0.31885387
graph_k4_g3,min,3,9,304,0.67268035
graph_cube_g5,min,0,65,17152,0.00144326
graph_cube_g5,min,1,33,4576,0.10154959
graph_cube_g5,min,2,17,1312,0.29095304
graph_cube_g5,min,3,9,400,0.50243466
